{"cameraMode":{"drawMode":0,"name":"Shaded","section":"Shading Mode"},"sceneLighting":false,"audioPlay":false,"sceneViewState":{"showFog":true,"showMaterialUpdate":true,"showSkybox":true,"showFlares":true,"showImageEffects":true,"showParticleSystems":true},"in2DMode":false,"pivot":{"x":-22.39552879333496,"y":41.83327102661133,"z":-10.431495666503907},"rotation":{"x":-0.05247411131858826,"y":-0.012892582453787327,"z":0.0007041310891509056,"w":-0.9985945224761963},"size":48.81324768066406,"orthographic":false}