{"cameraMode":{"drawMode":0,"name":"Shaded","section":"Shading Mode"},"sceneLighting":false,"audioPlay":false,"sceneViewState":{"showFog":true,"showMaterialUpdate":true,"showSkybox":true,"showFlares":true,"showImageEffects":true,"showParticleSystems":true},"in2DMode":false,"pivot":{"x":12.460774421691895,"y":61.243858337402347,"z":-137.8589324951172},"rotation":{"x":0.07307548075914383,"y":-0.09856981784105301,"z":0.007263854146003723,"w":0.9924372434616089},"size":4.111783027648926,"orthographic":false}