{"cameraMode":{"drawMode":0,"name":"Shaded","section":"Shading Mode"},"sceneLighting":false,"audioPlay":false,"sceneViewState":{"showFog":true,"showMaterialUpdate":true,"showSkybox":true,"showFlares":true,"showImageEffects":true,"showParticleSystems":true},"in2DMode":false,"pivot":{"x":49.856842041015628,"y":1.1015795469284058,"z":-99.56462860107422},"rotation":{"x":-0.015498870983719826,"y":-0.9642203450202942,"z":0.057929933071136478,"w":-0.25845175981521609},"size":123.45577239990235,"orthographic":false}