{"cameraMode":{"drawMode":0,"name":"Shaded","section":"Shading Mode"},"sceneLighting":true,"audioPlay":false,"sceneViewState":{"showFog":true,"showMaterialUpdate":true,"showSkybox":true,"showFlares":true,"showImageEffects":true,"showParticleSystems":true},"in2DMode":false,"pivot":{"x":-15.298830032348633,"y":30.317975997924806,"z":-44.515357971191409},"rotation":{"x":-0.005984785035252571,"y":-0.07882995903491974,"z":0.00042949855560436845,"w":-0.9969016909599304},"size":10.0,"orthographic":false}