{"cameraMode":{"drawMode":0,"name":"Shaded","section":"Shading Mode"},"sceneLighting":false,"audioPlay":false,"sceneViewState":{"showFog":true,"showMaterialUpdate":true,"showSkybox":true,"showFlares":true,"showImageEffects":true,"showParticleSystems":true},"in2DMode":false,"pivot":{"x":18.69114875793457,"y":13.123522758483887,"z":12.249588012695313},"rotation":{"x":-0.05938621237874031,"y":-0.2584576904773712,"z":0.01584864780306816,"w":-0.9641183018684387},"size":10.0,"orthographic":false}